mean_fit_time,std_fit_time,mean_score_time,std_score_time,param_colsample_bytree,param_gamma,param_learning_rate,param_max_depth,param_min_child_weight,param_n_estimators,param_reg_alpha,param_reg_lambda,param_subsample,params,split0_test_score,split1_test_score,split2_test_score,split3_test_score,split4_test_score,mean_test_score,std_test_score,rank_test_score
0.49236159324645995,0.03390977215611055,0.024973630905151367,0.0019769386971745712,0.8,0.1,0.1,8,1,100,0.0,1.0,0.8,"{'colsample_bytree': 0.8, 'gamma': 0.1, 'learning_rate': 0.1, 'max_depth': 8, 'min_child_weight': 1, 'n_estimators': 100, 'reg_alpha': 0, 'reg_lambda': 1, 'subsample': 0.8}",0.86125,0.86,0.860625,0.858125,0.845625,0.8571250000000001,0.005844334863780486,48
0.666128396987915,0.4827324164822834,0.02618417739868164,0.004765104663866286,0.8,0.1,0.1,8,1,100,0.0,1.0,1.0,"{'colsample_bytree': 0.8, 'gamma': 0.1, 'learning_rate': 0.1, 'max_depth': 8, 'min_child_weight': 1, 'n_estimators': 100, 'reg_alpha': 0, 'reg_lambda': 1, 'subsample': 1.0}",0.8575,0.860625,0.86625,0.85875,0.8475,0.858125,0.0060981554588252105,32
0.5423659324645996,0.10428176045886185,0.025737237930297852,0.0021974486088142146,0.8,0.1,0.1,8,1,100,0.0,1.5,0.8,"{'colsample_bytree': 0.8, 'gamma': 0.1, 'learning_rate': 0.1, 'max_depth': 8, 'min_child_weight': 1, 'n_estimators': 100, 'reg_alpha': 0, 'reg_lambda': 1.5, 'subsample': 0.8}",0.855,0.8575,0.8675,0.856875,0.845625,0.8564999999999999,0.006966437396546417,55
0.4699851512908936,0.0152338968816361,0.028688621520996094,0.0044563506062751035,0.8,0.1,0.1,8,1,100,0.0,1.5,1.0,"{'colsample_bytree': 0.8, 'gamma': 0.1, 'learning_rate': 0.1, 'max_depth': 8, 'min_child_weight': 1, 'n_estimators': 100, 'reg_alpha': 0, 'reg_lambda': 1.5, 'subsample': 1.0}",0.858125,0.859375,0.865625,0.85875,0.85,0.858375,0.00497807693793497,28
0.54684419631958,0.06375975354354121,0.024544572830200194,0.0011341167947564526,0.8,0.1,0.1,8,1,100,0.01,1.0,0.8,"{'colsample_bytree': 0.8, 'gamma': 0.1, 'learning_rate': 0.1, 'max_depth': 8, 'min_child_weight': 1, 'n_estimators': 100, 'reg_alpha': 0.01, 'reg_lambda': 1, 'subsample': 0.8}",0.85875,0.856875,0.86875,0.858125,0.85,0.8584999999999999,0.006002603601771495,26
0.6242602348327637,0.25857465617372827,0.04504585266113281,0.035480047530257235,0.8,0.1,0.1,8,1,100,0.01,1.0,1.0,"{'colsample_bytree': 0.8, 'gamma': 0.1, 'learning_rate': 0.1, 'max_depth': 8, 'min_child_weight': 1, 'n_estimators': 100, 'reg_alpha': 0.01, 'reg_lambda': 1, 'subsample': 1.0}",0.855625,0.8625,0.8675,0.859375,0.85375,0.85975,0.004914900812834399,11
0.8258029460906983,0.5147277147862446,0.024960660934448244,0.003620409945339578,0.8,0.1,0.1,8,1,100,0.01,1.5,0.8,"{'colsample_bytree': 0.8, 'gamma': 0.1, 'learning_rate': 0.1, 'max_depth': 8, 'min_child_weight': 1, 'n_estimators': 100, 'reg_alpha': 0.01, 'reg_lambda': 1.5, 'subsample': 0.8}",0.8575,0.860625,0.8625,0.86125,0.85,0.858375,0.0045000000000000075,28
0.4969786167144775,0.07466294248185347,0.024886131286621094,0.0034942748992771357,0.8,0.1,0.1,8,1,100,0.01,1.5,1.0,"{'colsample_bytree': 0.8, 'gamma': 0.1, 'learning_rate': 0.1, 'max_depth': 8, 'min_child_weight': 1, 'n_estimators': 100, 'reg_alpha': 0.01, 'reg_lambda': 1.5, 'subsample': 1.0}",0.860625,0.8625,0.868125,0.859375,0.851875,0.8605,0.005249999999999998,6
0.40506863594055176,0.010883658617001662,0.023332977294921876,0.0008579593140141318,0.8,0.1,0.1,8,3,100,0.0,1.0,0.8,"{'colsample_bytree': 0.8, 'gamma': 0.1, 'learning_rate': 0.1, 'max_depth': 8, 'min_child_weight': 3, 'n_estimators': 100, 'reg_alpha': 0, 'reg_lambda': 1, 'subsample': 0.8}",0.854375,0.86125,0.86625,0.858125,0.848125,0.8576250000000002,0.006141559248269104,43
0.3728943347930908,0.017433188289846795,0.02435412406921387,0.0011674360585560897,0.8,0.1,0.1,8,3,100,0.0,1.0,1.0,"{'colsample_bytree': 0.8, 'gamma': 0.1, 'learning_rate': 0.1, 'max_depth': 8, 'min_child_weight': 3, 'n_estimators': 100, 'reg_alpha': 0, 'reg_lambda': 1, 'subsample': 1.0}",0.858125,0.86125,0.866875,0.86,0.85625,0.8604999999999998,0.0036098822695484014,9
0.5229700088500977,0.2540915849515388,0.02481217384338379,0.005857366653327507,0.8,0.1,0.1,8,3,100,0.0,1.5,0.8,"{'colsample_bytree': 0.8, 'gamma': 0.1, 'learning_rate': 0.1, 'max_depth': 8, 'min_child_weight': 3, 'n_estimators': 100, 'reg_alpha': 0, 'reg_lambda': 1.5, 'subsample': 0.8}",0.860625,0.8625,0.86625,0.859375,0.848125,0.859375,0.006085330722319032,16
0.3430489063262939,0.032775021233513654,0.0360931396484375,0.025889671650809347,0.8,0.1,0.1,8,3,100,0.0,1.5,1.0,"{'colsample_bytree': 0.8, 'gamma': 0.1, 'learning_rate': 0.1, 'max_depth': 8, 'min_child_weight': 3, 'n_estimators': 100, 'reg_alpha': 0, 'reg_lambda': 1.5, 'subsample': 1.0}",0.85625,0.861875,0.8675,0.86125,0.84625,0.858625,0.007141428428542876,23
0.4008002281188965,0.034522763404503734,0.02352762222290039,0.0021059185543987435,0.8,0.1,0.1,8,3,100,0.01,1.0,0.8,"{'colsample_bytree': 0.8, 'gamma': 0.1, 'learning_rate': 0.1, 'max_depth': 8, 'min_child_weight': 3, 'n_estimators': 100, 'reg_alpha': 0.01, 'reg_lambda': 1, 'subsample': 0.8}",0.861875,0.864375,0.86625,0.86125,0.84875,0.8605,0.006141559248269112,6
0.3742683887481689,0.03873804114965667,0.026140403747558594,0.0038426961554573103,0.8,0.1,0.1,8,3,100,0.01,1.0,1.0,"{'colsample_bytree': 0.8, 'gamma': 0.1, 'learning_rate': 0.1, 'max_depth': 8, 'min_child_weight': 3, 'n_estimators': 100, 'reg_alpha': 0.01, 'reg_lambda': 1, 'subsample': 1.0}",0.86,0.8625,0.866875,0.8575,0.85125,0.859625,0.005208166663999918,13
0.6523502349853516,0.3616805378786459,0.029886436462402344,0.0025406742466271117,0.8,0.1,0.1,8,3,100,0.01,1.5,0.8,"{'colsample_bytree': 0.8, 'gamma': 0.1, 'learning_rate': 0.1, 'max_depth': 8, 'min_child_weight': 3, 'n_estimators': 100, 'reg_alpha': 0.01, 'reg_lambda': 1.5, 'subsample': 0.8}",0.86,0.865,0.87,0.86125,0.8475,0.86075,0.0074833147735478694,5
0.4267207145690918,0.025003830869337457,0.02826094627380371,0.0009003152900825364,0.8,0.1,0.1,8,3,100,0.01,1.5,1.0,"{'colsample_bytree': 0.8, 'gamma': 0.1, 'learning_rate': 0.1, 'max_depth': 8, 'min_child_weight': 3, 'n_estimators': 100, 'reg_alpha': 0.01, 'reg_lambda': 1.5, 'subsample': 1.0}",0.859375,0.863125,0.8675,0.85625,0.84875,0.859,0.00635659106754558,22
0.832176399230957,0.10186703669837348,0.03548426628112793,0.005228614322255437,0.8,0.1,0.1,10,1,100,0.0,1.0,0.8,"{'colsample_bytree': 0.8, 'gamma': 0.1, 'learning_rate': 0.1, 'max_depth': 10, 'min_child_weight': 1, 'n_estimators': 100, 'reg_alpha': 0, 'reg_lambda': 1, 'subsample': 0.8}",0.8525,0.8575,0.87,0.855,0.849375,0.8568749999999999,0.007093130479555552,51
0.7543550491333008,0.07225801707418257,0.03744029998779297,0.004762990798093834,0.8,0.1,0.1,10,1,100,0.0,1.0,1.0,"{'colsample_bytree': 0.8, 'gamma': 0.1, 'learning_rate': 0.1, 'max_depth': 10, 'min_child_weight': 1, 'n_estimators': 100, 'reg_alpha': 0, 'reg_lambda': 1, 'subsample': 1.0}",0.85625,0.855,0.8625,0.854375,0.84875,0.8553750000000001,0.004394598957811748,62
0.9392178058624268,0.40764464195238864,0.045078182220458986,0.024696897336438824,0.8,0.1,0.1,10,1,100,0.0,1.5,0.8,"{'colsample_bytree': 0.8, 'gamma': 0.1, 'learning_rate': 0.1, 'max_depth': 10, 'min_child_weight': 1, 'n_estimators': 100, 'reg_alpha': 0, 'reg_lambda': 1.5, 'subsample': 0.8}",0.856875,0.858125,0.86625,0.858125,0.850625,0.858,0.004974937185533096,34
1.0047065258026122,0.14003958926958907,0.05589814186096191,0.045250820372229786,0.8,0.1,0.1,10,1,100,0.0,1.5,1.0,"{'colsample_bytree': 0.8, 'gamma': 0.1, 'learning_rate': 0.1, 'max_depth': 10, 'min_child_weight': 1, 'n_estimators': 100, 'reg_alpha': 0, 'reg_lambda': 1.5, 'subsample': 1.0}",0.855,0.859375,0.868125,0.855625,0.848125,0.85725,0.00653834841531102,47
0.800894021987915,0.14061020106689245,0.033238458633422854,0.002185230417570141,0.8,0.1,0.1,10,1,100,0.01,1.0,0.8,"{'colsample_bytree': 0.8, 'gamma': 0.1, 'learning_rate': 0.1, 'max_depth': 10, 'min_child_weight': 1, 'n_estimators': 100, 'reg_alpha': 0.01, 'reg_lambda': 1, 'subsample': 0.8}",0.8575,0.858125,0.869375,0.853125,0.84875,0.857375,0.0068852196769602055,46
0.7962606906890869,0.042098568402142836,0.04135117530822754,0.0075545129223189384,0.8,0.1,0.1,10,1,100,0.01,1.0,1.0,"{'colsample_bytree': 0.8, 'gamma': 0.1, 'learning_rate': 0.1, 'max_depth': 10, 'min_child_weight': 1, 'n_estimators': 100, 'reg_alpha': 0.01, 'reg_lambda': 1, 'subsample': 1.0}",0.856875,0.856875,0.866875,0.85625,0.854375,0.85825,0.004408798022137079,31
0.8722894668579102,0.09274725821680121,0.03683218955993652,0.004410362244167888,0.8,0.1,0.1,10,1,100,0.01,1.5,0.8,"{'colsample_bytree': 0.8, 'gamma': 0.1, 'learning_rate': 0.1, 'max_depth': 10, 'min_child_weight': 1, 'n_estimators': 100, 'reg_alpha': 0.01, 'reg_lambda': 1.5, 'subsample': 0.8}",0.855625,0.858125,0.865,0.855,0.84625,0.8560000000000001,0.006028577775893764,57
0.7300087928771972,0.051325597278601975,0.03283958435058594,0.003231484102731105,0.8,0.1,0.1,10,1,100,0.01,1.5,1.0,"{'colsample_bytree': 0.8, 'gamma': 0.1, 'learning_rate': 0.1, 'max_depth': 10, 'min_child_weight': 1, 'n_estimators': 100, 'reg_alpha': 0.01, 'reg_lambda': 1.5, 'subsample': 1.0}",0.854375,0.85625,0.865,0.856875,0.846875,0.8558749999999999,0.00579061741095022,58
0.5603002071380615,0.04806942494477576,0.02770066261291504,0.0017469717157412466,0.8,0.1,0.1,10,3,100,0.0,1.0,0.8,"{'colsample_bytree': 0.8, 'gamma': 0.1, 'learning_rate': 0.1, 'max_depth': 10, 'min_child_weight': 3, 'n_estimators': 100, 'reg_alpha': 0, 'reg_lambda': 1, 'subsample': 0.8}",0.8575,0.86375,0.864375,0.855625,0.844375,0.8571249999999999,0.0072305774319897965,49
0.5604013442993164,0.04261932530087644,0.05228943824768066,0.027366778781483577,0.8,0.1,0.1,10,3,100,0.0,1.0,1.0,"{'colsample_bytree': 0.8, 'gamma': 0.1, 'learning_rate': 0.1, 'max_depth': 10, 'min_child_weight': 3, 'n_estimators': 100, 'reg_alpha': 0, 'reg_lambda': 1, 'subsample': 1.0}",0.858125,0.85875,0.865625,0.8575,0.85,0.858,0.0049592086062193435,34
0.6200127124786377,0.04910076521668111,0.03406467437744141,0.0028636587065783,0.8,0.1,0.1,10,3,100,0.0,1.5,0.8,"{'colsample_bytree': 0.8, 'gamma': 0.1, 'learning_rate': 0.1, 'max_depth': 10, 'min_child_weight': 3, 'n_estimators': 100, 'reg_alpha': 0, 'reg_lambda': 1.5, 'subsample': 0.8}",0.85375,0.86375,0.870625,0.855,0.85375,0.859375,0.006754628043053144,16
0.6274866104125977,0.07830226944837354,0.03291616439819336,0.002406743663811559,0.8,0.1,0.1,10,3,100,0.0,1.5,1.0,"{'colsample_bytree': 0.8, 'gamma': 0.1, 'learning_rate': 0.1, 'max_depth': 10, 'min_child_weight': 3, 'n_estimators': 100, 'reg_alpha': 0, 'reg_lambda': 1.5, 'subsample': 1.0}",0.850625,0.85625,0.865625,0.851875,0.848125,0.8545,0.006154266812545572,64
0.6004476547241211,0.05003914299706257,0.029279708862304688,0.002578346415150658,0.8,0.1,0.1,10,3,100,0.01,1.0,0.8,"{'colsample_bytree': 0.8, 'gamma': 0.1, 'learning_rate': 0.1, 'max_depth': 10, 'min_child_weight': 3, 'n_estimators': 100, 'reg_alpha': 0.01, 'reg_lambda': 1, 'subsample': 0.8}",0.85,0.8625,0.86125,0.855625,0.845625,0.8549999999999999,0.006459005341381924,63
0.7341100215911865,0.3601439684180858,0.0329552173614502,0.006048029734649733,0.8,0.1,0.1,10,3,100,0.01,1.0,1.0,"{'colsample_bytree': 0.8, 'gamma': 0.1, 'learning_rate': 0.1, 'max_depth': 10, 'min_child_weight': 3, 'n_estimators': 100, 'reg_alpha': 0.01, 'reg_lambda': 1, 'subsample': 1.0}",0.856875,0.859375,0.86375,0.8525,0.851875,0.8568749999999999,0.00441941738241591,51
0.6577065944671631,0.07078662060433456,0.03415966033935547,0.0026140191875979463,0.8,0.1,0.1,10,3,100,0.01,1.5,0.8,"{'colsample_bytree': 0.8, 'gamma': 0.1, 'learning_rate': 0.1, 'max_depth': 10, 'min_child_weight': 3, 'n_estimators': 100, 'reg_alpha': 0.01, 'reg_lambda': 1.5, 'subsample': 0.8}",0.85125,0.86375,0.86875,0.855625,0.845625,0.8569999999999999,0.00834228685673182,50
0.7487026214599609,0.23668581845810996,0.031486129760742186,0.0007359650060383021,0.8,0.1,0.1,10,3,100,0.01,1.5,1.0,"{'colsample_bytree': 0.8, 'gamma': 0.1, 'learning_rate': 0.1, 'max_depth': 10, 'min_child_weight': 3, 'n_estimators': 100, 'reg_alpha': 0.01, 'reg_lambda': 1.5, 'subsample': 1.0}",0.85625,0.86375,0.868125,0.8525,0.85125,0.858375,0.006538348415311031,28
0.7327259540557861,0.277258656488315,0.027799367904663086,0.0023297012965412863,0.8,0.3,0.1,8,1,100,0.0,1.0,0.8,"{'colsample_bytree': 0.8, 'gamma': 0.3, 'learning_rate': 0.1, 'max_depth': 8, 'min_child_weight': 1, 'n_estimators': 100, 'reg_alpha': 0, 'reg_lambda': 1, 'subsample': 0.8}",0.86125,0.858125,0.865625,0.855,0.85,0.858,0.005323884859761711,34
0.5678122997283935,0.2729363182184834,0.02860536575317383,0.0054212833982753995,0.8,0.3,0.1,8,1,100,0.0,1.0,1.0,"{'colsample_bytree': 0.8, 'gamma': 0.3, 'learning_rate': 0.1, 'max_depth': 8, 'min_child_weight': 1, 'n_estimators': 100, 'reg_alpha': 0, 'reg_lambda': 1, 'subsample': 1.0}",0.861875,0.863125,0.87125,0.8575,0.8525,0.8612500000000001,0.0062374874749373,2
0.5092343330383301,0.05590999693444693,0.023769283294677736,0.002112655464564764,0.8,0.3,0.1,8,1,100,0.0,1.5,0.8,"{'colsample_bytree': 0.8, 'gamma': 0.3, 'learning_rate': 0.1, 'max_depth': 8, 'min_child_weight': 1, 'n_estimators': 100, 'reg_alpha': 0, 'reg_lambda': 1.5, 'subsample': 0.8}",0.85375,0.8625,0.865,0.860625,0.848125,0.8579999999999999,0.0061922330382504125,37
0.6309372425079346,0.193771386079812,0.04340043067932129,0.020793260203807267,0.8,0.3,0.1,8,1,100,0.0,1.5,1.0,"{'colsample_bytree': 0.8, 'gamma': 0.3, 'learning_rate': 0.1, 'max_depth': 8, 'min_child_weight': 1, 'n_estimators': 100, 'reg_alpha': 0, 'reg_lambda': 1.5, 'subsample': 1.0}",0.855625,0.860625,0.8675,0.85625,0.850625,0.858125,0.0056596157113359144,32
0.5756518840789795,0.15106572623070555,0.027535343170166017,0.002343284487478616,0.8,0.3,0.1,8,1,100,0.01,1.0,0.8,"{'colsample_bytree': 0.8, 'gamma': 0.3, 'learning_rate': 0.1, 'max_depth': 8, 'min_child_weight': 1, 'n_estimators': 100, 'reg_alpha': 0.01, 'reg_lambda': 1, 'subsample': 0.8}",0.851875,0.85875,0.864375,0.86,0.84875,0.8567500000000001,0.0056651345968123205,53
0.49119858741760253,0.07179252140502851,0.02637028694152832,0.004646006623369955,0.8,0.3,0.1,8,1,100,0.01,1.0,1.0,"{'colsample_bytree': 0.8, 'gamma': 0.3, 'learning_rate': 0.1, 'max_depth': 8, 'min_child_weight': 1, 'n_estimators': 100, 'reg_alpha': 0.01, 'reg_lambda': 1, 'subsample': 1.0}",0.85875,0.863125,0.86875,0.8525,0.849375,0.8585,0.0070111518311900866,24
0.5293028831481934,0.070238826675801,0.03245844841003418,0.01006050498029048,0.8,0.3,0.1,8,1,100,0.01,1.5,0.8,"{'colsample_bytree': 0.8, 'gamma': 0.3, 'learning_rate': 0.1, 'max_depth': 8, 'min_child_weight': 1, 'n_estimators': 100, 'reg_alpha': 0.01, 'reg_lambda': 1.5, 'subsample': 0.8}",0.86125,0.859375,0.86625,0.8625,0.84875,0.859625,0.005884301147969903,13
0.6030883312225341,0.12333478230667962,0.035631418228149414,0.007015137160704197,0.8,0.3,0.1,8,1,100,0.01,1.5,1.0,"{'colsample_bytree': 0.8, 'gamma': 0.3, 'learning_rate': 0.1, 'max_depth': 8, 'min_child_weight': 1, 'n_estimators': 100, 'reg_alpha': 0.01, 'reg_lambda': 1.5, 'subsample': 1.0}",0.859375,0.863125,0.866875,0.860625,0.84625,0.8592500000000001,0.006986594306241071,19
0.48436779975891114,0.025270398670139114,0.03140954971313477,0.0026502023855499816,0.8,0.3,0.1,8,3,100,0.0,1.0,0.8,"{'colsample_bytree': 0.8, 'gamma': 0.3, 'learning_rate': 0.1, 'max_depth': 8, 'min_child_weight': 3, 'n_estimators': 100, 'reg_alpha': 0, 'reg_lambda': 1, 'subsample': 0.8}",0.859375,0.866875,0.865,0.86125,0.855625,0.8616249999999999,0.004003904344511738,1
0.459429407119751,0.03455990523944031,0.029694461822509767,0.003198088416758834,0.8,0.3,0.1,8,3,100,0.0,1.0,1.0,"{'colsample_bytree': 0.8, 'gamma': 0.3, 'learning_rate': 0.1, 'max_depth': 8, 'min_child_weight': 3, 'n_estimators': 100, 'reg_alpha': 0, 'reg_lambda': 1, 'subsample': 1.0}",0.863125,0.8625,0.865,0.8575,0.8525,0.860125,0.004548351349665053,10
0.665052080154419,0.23676210680147305,0.027121782302856445,0.0014455564417532485,0.8,0.3,0.1,8,3,100,0.0,1.5,0.8,"{'colsample_bytree': 0.8, 'gamma': 0.3, 'learning_rate': 0.1, 'max_depth': 8, 'min_child_weight': 3, 'n_estimators': 100, 'reg_alpha': 0, 'reg_lambda': 1.5, 'subsample': 0.8}",0.85875,0.865,0.865625,0.85625,0.85125,0.859375,0.005419870847169712,16
0.4307182788848877,0.03705672784369315,0.02859673500061035,0.005720731664968566,0.8,0.3,0.1,8,3,100,0.0,1.5,1.0,"{'colsample_bytree': 0.8, 'gamma': 0.3, 'learning_rate': 0.1, 'max_depth': 8, 'min_child_weight': 3, 'n_estimators': 100, 'reg_alpha': 0, 'reg_lambda': 1.5, 'subsample': 1.0}",0.86125,0.866875,0.868125,0.85875,0.8475,0.8605,0.007367581014145675,6
0.496033239364624,0.09258862207104081,0.02696504592895508,0.003642736522497513,0.8,0.3,0.1,8,3,100,0.01,1.0,0.8,"{'colsample_bytree': 0.8, 'gamma': 0.3, 'learning_rate': 0.1, 'max_depth': 8, 'min_child_weight': 3, 'n_estimators': 100, 'reg_alpha': 0.01, 'reg_lambda': 1, 'subsample': 0.8}",0.861875,0.865625,0.865625,0.860625,0.851875,0.861125,0.005037360419902444,3
0.4788965702056885,0.16113399615255763,0.0264862060546875,0.0034702792752036023,0.8,0.3,0.1,8,3,100,0.01,1.0,1.0,"{'colsample_bytree': 0.8, 'gamma': 0.3, 'learning_rate': 0.1, 'max_depth': 8, 'min_child_weight': 3, 'n_estimators': 100, 'reg_alpha': 0.01, 'reg_lambda': 1, 'subsample': 1.0}",0.86125,0.86625,0.86375,0.86,0.85375,0.861,0.00421307488658817,4
0.47217330932617185,0.07924673714463785,0.03134431838989258,0.01000766226025085,0.8,0.3,0.1,8,3,100,0.01,1.5,0.8,"{'colsample_bytree': 0.8, 'gamma': 0.3, 'learning_rate': 0.1, 'max_depth': 8, 'min_child_weight': 3, 'n_estimators': 100, 'reg_alpha': 0.01, 'reg_lambda': 1.5, 'subsample': 0.8}",0.858125,0.856875,0.8675,0.85875,0.8475,0.85775,0.006356591067545565,38
0.5305758953094483,0.16466399193934306,0.03219151496887207,0.0077748941195423015,0.8,0.3,0.1,8,3,100,0.01,1.5,1.0,"{'colsample_bytree': 0.8, 'gamma': 0.3, 'learning_rate': 0.1, 'max_depth': 8, 'min_child_weight': 3, 'n_estimators': 100, 'reg_alpha': 0.01, 'reg_lambda': 1.5, 'subsample': 1.0}",0.8625,0.859375,0.865625,0.85625,0.84875,0.8584999999999999,0.005790617410950238,26
0.8836885452270508,0.3399867891273729,0.0311676025390625,0.0035145831878530195,0.8,0.3,0.1,10,1,100,0.0,1.0,0.8,"{'colsample_bytree': 0.8, 'gamma': 0.3, 'learning_rate': 0.1, 'max_depth': 10, 'min_child_weight': 1, 'n_estimators': 100, 'reg_alpha': 0, 'reg_lambda': 1, 'subsample': 0.8}",0.85875,0.858125,0.86375,0.855,0.845,0.8561249999999999,0.006229967897188574,56
0.6956226348876953,0.060247045667111684,0.03865728378295898,0.004007854758196828,0.8,0.3,0.1,10,1,100,0.0,1.0,1.0,"{'colsample_bytree': 0.8, 'gamma': 0.3, 'learning_rate': 0.1, 'max_depth': 10, 'min_child_weight': 1, 'n_estimators': 100, 'reg_alpha': 0, 'reg_lambda': 1, 'subsample': 1.0}",0.856875,0.861875,0.865,0.861875,0.85,0.859125,0.005252975347362664,21
0.7798342227935791,0.14580840688090305,0.03610944747924805,0.004573862770199707,0.8,0.3,0.1,10,1,100,0.0,1.5,0.8,"{'colsample_bytree': 0.8, 'gamma': 0.3, 'learning_rate': 0.1, 'max_depth': 10, 'min_child_weight': 1, 'n_estimators': 100, 'reg_alpha': 0, 'reg_lambda': 1.5, 'subsample': 0.8}",0.851875,0.858125,0.86625,0.856875,0.84625,0.8558749999999999,0.006668489334174571,58
0.7899882316589355,0.12211351942810866,0.03846926689147949,0.006435240296119549,0.8,0.3,0.1,10,1,100,0.0,1.5,1.0,"{'colsample_bytree': 0.8, 'gamma': 0.3, 'learning_rate': 0.1, 'max_depth': 10, 'min_child_weight': 1, 'n_estimators': 100, 'reg_alpha': 0, 'reg_lambda': 1.5, 'subsample': 1.0}",0.85375,0.858125,0.865,0.853125,0.848125,0.8556250000000001,0.005659615711335877,60
0.9959639549255371,0.46001088317941946,0.03643302917480469,0.0061254021003362595,0.8,0.3,0.1,10,1,100,0.01,1.0,0.8,"{'colsample_bytree': 0.8, 'gamma': 0.3, 'learning_rate': 0.1, 'max_depth': 10, 'min_child_weight': 1, 'n_estimators': 100, 'reg_alpha': 0.01, 'reg_lambda': 1, 'subsample': 0.8}",0.859375,0.8575,0.86625,0.856875,0.8475,0.8574999999999999,0.006007807420348936,45
0.7477288722991944,0.05664141649469601,0.04129343032836914,0.008819956769630941,0.8,0.3,0.1,10,1,100,0.01,1.0,1.0,"{'colsample_bytree': 0.8, 'gamma': 0.3, 'learning_rate': 0.1, 'max_depth': 10, 'min_child_weight': 1, 'n_estimators': 100, 'reg_alpha': 0.01, 'reg_lambda': 1, 'subsample': 1.0}",0.86,0.86625,0.864375,0.8575,0.848125,0.85925,0.006366415789123406,20
0.8437626361846924,0.1013599341371117,0.0367619514465332,0.0032680212538589723,0.8,0.3,0.1,10,1,100,0.01,1.5,0.8,"{'colsample_bytree': 0.8, 'gamma': 0.3, 'learning_rate': 0.1, 'max_depth': 10, 'min_child_weight': 1, 'n_estimators': 100, 'reg_alpha': 0.01, 'reg_lambda': 1.5, 'subsample': 0.8}",0.858125,0.859375,0.865625,0.86125,0.84375,0.857625,0.007388758353065817,44
0.9513532638549804,0.4606234551553107,0.033124351501464845,0.006448188987309657,0.8,0.3,0.1,10,1,100,0.01,1.5,1.0,"{'colsample_bytree': 0.8, 'gamma': 0.3, 'learning_rate': 0.1, 'max_depth': 10, 'min_child_weight': 1, 'n_estimators': 100, 'reg_alpha': 0.01, 'reg_lambda': 1.5, 'subsample': 1.0}",0.855625,0.863125,0.865625,0.854375,0.85,0.85775,0.00577711000414568,38
1.037351369857788,0.8689089725712272,0.031191587448120117,0.0036621752903142086,0.8,0.3,0.1,10,3,100,0.0,1.0,0.8,"{'colsample_bytree': 0.8, 'gamma': 0.3, 'learning_rate': 0.1, 'max_depth': 10, 'min_child_weight': 3, 'n_estimators': 100, 'reg_alpha': 0, 'reg_lambda': 1, 'subsample': 0.8}",0.858125,0.861875,0.8675,0.849375,0.84625,0.856625,0.007852149387269728,54
0.5186875820159912,0.03306039232357747,0.029800796508789064,0.003969772296292147,0.8,0.3,0.1,10,3,100,0.0,1.0,1.0,"{'colsample_bytree': 0.8, 'gamma': 0.3, 'learning_rate': 0.1, 'max_depth': 10, 'min_child_weight': 3, 'n_estimators': 100, 'reg_alpha': 0, 'reg_lambda': 1, 'subsample': 1.0}",0.860625,0.861875,0.864375,0.855,0.846875,0.85775,0.006244997998398376,38
0.6191366672515869,0.16668367380916657,0.03416123390197754,0.010297545989157194,0.8,0.3,0.1,10,3,100,0.0,1.5,0.8,"{'colsample_bytree': 0.8, 'gamma': 0.3, 'learning_rate': 0.1, 'max_depth': 10, 'min_child_weight': 3, 'n_estimators': 100, 'reg_alpha': 0, 'reg_lambda': 1.5, 'subsample': 0.8}",0.85,0.861875,0.86875,0.86375,0.848125,0.8585,0.008048680016002627,24
1.0508570194244384,0.4763711971271501,0.03232178688049316,0.0036742566866383927,0.8,0.3,0.1,10,3,100,0.0,1.5,1.0,"{'colsample_bytree': 0.8, 'gamma': 0.3, 'learning_rate': 0.1, 'max_depth': 10, 'min_child_weight': 3, 'n_estimators': 100, 'reg_alpha': 0, 'reg_lambda': 1.5, 'subsample': 1.0}",0.85875,0.861875,0.86375,0.853125,0.85125,0.85775,0.004850901977983068,38
0.8159886837005615,0.5701259563820827,0.03176579475402832,0.006280726730686097,0.8,0.3,0.1,10,3,100,0.01,1.0,0.8,"{'colsample_bytree': 0.8, 'gamma': 0.3, 'learning_rate': 0.1, 'max_depth': 10, 'min_child_weight': 3, 'n_estimators': 100, 'reg_alpha': 0.01, 'reg_lambda': 1, 'subsample': 0.8}",0.851875,0.86375,0.8675,0.84625,0.84875,0.8556250000000001,0.00844097150806709,60
0.6085176467895508,0.25156248275139736,0.029499244689941407,0.007154286432129556,0.8,0.3,0.1,10,3,100,0.01,1.0,1.0,"{'colsample_bytree': 0.8, 'gamma': 0.3, 'learning_rate': 0.1, 'max_depth': 10, 'min_child_weight': 3, 'n_estimators': 100, 'reg_alpha': 0.01, 'reg_lambda': 1, 'subsample': 1.0}",0.85875,0.859375,0.8675,0.86,0.853125,0.85975,0.004585984081961045,11
0.9741085529327392,0.4438681943867426,0.03400864601135254,0.004139805389874759,0.8,0.3,0.1,10,3,100,0.01,1.5,0.8,"{'colsample_bytree': 0.8, 'gamma': 0.3, 'learning_rate': 0.1, 'max_depth': 10, 'min_child_weight': 3, 'n_estimators': 100, 'reg_alpha': 0.01, 'reg_lambda': 1.5, 'subsample': 0.8}",0.846875,0.863125,0.86625,0.86375,0.84875,0.85775,0.008202514858261446,38
0.6431325912475586,0.30189188206704687,0.034621143341064455,0.004086503678181211,0.8,0.3,0.1,10,3,100,0.01,1.5,1.0,"{'colsample_bytree': 0.8, 'gamma': 0.3, 'learning_rate': 0.1, 'max_depth': 10, 'min_child_weight': 3, 'n_estimators': 100, 'reg_alpha': 0.01, 'reg_lambda': 1.5, 'subsample': 1.0}",0.855,0.86375,0.868125,0.85875,0.851875,0.8595,0.0058550192143151875,15
